<?xml version="1.0" encoding="UTF-8"?>
<project-private xmlns="http://www.netbeans.org/ns/project-private/1">
    <editor-bookmarks xmlns="http://www.netbeans.org/ns/editor-bookmarks/2" lastBookmarkId="0"/>
    <open-files xmlns="http://www.netbeans.org/ns/projectui-open-files/2">
        <group>
            <file>file:/E:/OpenServer/domains/viewswagen/application/models/auth/register.php</file>
            <file>file:/E:/OpenServer/domains/viewswagen/system/database/DB_active_rec.php</file>
            <file>file:/E:/OpenServer/domains/viewswagen/system/core/CodeIgniter.php</file>
            <file>file:/E:/OpenServer/domains/viewswagen/application/views/auth/vwHeader.php</file>
            <file>file:/E:/OpenServer/domains/viewswagen/application/views/auth/vwAuth.php</file>
            <file>file:/E:/OpenServer/domains/viewswagen/assets/css/bootstrap.css</file>
            <file>file:/E:/OpenServer/domains/viewswagen/application/views/auth/vwRegister.php</file>
            <file>file:/E:/OpenServer/domains/viewswagen/index.php</file>
            <file>file:/E:/OpenServer/domains/viewswagen/system/database/drivers/mysql/mysql_driver.php</file>
            <file>file:/E:/OpenServer/domains/viewswagen/application/controllers/auth.php</file>
            <file>file:/E:/OpenServer/domains/viewswagen/system/core/Model.php</file>
            <file>file:/E:/OpenServer/domains/viewswagen/application/config/config.php</file>
        </group>
    </open-files>
</project-private>
